"id","first_name","last_name","email","gender","ip_address"
1,Dewie,L'Homme,dlhomme0@furl.net,Male,142.195.98.252
2,Luis,Rude,lrude1@ameblo.jp,Male,249.250.140.236
3,Jarrett,Bartosik,jbartosik2@ed.gov,Male,209.35.90.50
4,Erastus,Bohlin,ebohlin3@si.edu,Male,203.2.187.221
5,Tressa,Ribbon,tribbon4@gravatar.com,Female,97.95.67.223
6,Elroy,Heinssen,eheinssen5@fc2.com,Male,141.174.142.123
7,Efrem,Willans,ewillans6@istockphoto.com,Male,166.11.17.46
8,Ed,Stollenbecker,estollenbecker7@ihg.com,Male,241.20.102.204
9,Wait,Vlach,wvlach8@europa.eu,Male,249.174.173.166
10,Paxton,Vertey,pvertey9@livejournal.com,Male,32.30.18.81
11,Margareta,Slocumb,mslocumba@wix.com,Female,17.190.102.186
12,Othilia,Andrus,oandrusb@army.mil,Female,40.137.97.84
13,Charlotta,Spofforth,cspofforthc@zdnet.com,Female,32.189.111.230
14,Michale,Klagge,mklagged@mlb.com,Male,234.153.116.86
15,Gray,Tincknell,gtincknelle@elegantthemes.com,Female,142.135.170.206
16,Roley,Hegley,rhegleyf@baidu.com,Male,168.75.8.52
17,Starlene,Meneghi,smeneghig@nhs.uk,Female,99.58.82.78
18,Sybila,McWhin,smcwhinh@mit.edu,Female,93.185.204.3
19,Janenna,Frazer,jfrazeri@joomla.org,Female,76.190.238.247
20,Lutero,Gillease,lgilleasej@vimeo.com,Male,67.87.173.25
21,Peggi,Pettican,ppetticank@technorati.com,Female,79.128.121.136
22,Barrett,Hierro,bhierrol@cdbaby.com,Male,134.82.20.218
23,Vanya,Salthouse,vsalthousem@t.co,Male,174.15.22.224
24,Lanni,Bedham,lbedhamn@feedburner.com,Female,16.32.54.110
25,Wilie,Ondra,wondrao@myspace.com,Female,218.92.153.110
26,Bree,Daughton,bdaughtonp@hao123.com,Female,98.25.103.241
27,Carrissa,Cruikshanks,ccruikshanksq@foxnews.com,Female,67.158.113.211
28,Marc,Abramcik,mabramcikr@indiatimes.com,Male,47.98.128.75
29,Pearl,Emerine,pemerines@omniture.com,Female,91.93.60.90
30,Chanda,Reignolds,creignoldst@berkeley.edu,Female,140.128.193.211
31,Corrianne,Jiles,cjilesu@pbs.org,Female,233.244.199.141
32,Sullivan,Pickerin,spickerinv@g.co,Male,65.250.126.37
33,Amargo,Fancourt,afancourtw@java.com,Female,238.170.147.16
34,Margi,Acom,macomx@surveymonkey.com,Female,203.79.22.206
35,Annadiane,Pickworth,apickworthy@apple.com,Female,137.186.3.71
36,Ber,Pitrelli,bpitrelliz@stanford.edu,Male,190.126.97.8
37,Dante,Eeles,deeles10@npr.org,Male,142.125.85.106
38,Sashenka,Carreyette,scarreyette11@xing.com,Female,104.80.127.220
39,Michael,Cattenach,mcattenach12@cornell.edu,Male,90.167.129.51
40,Prentiss,Archibald,parchibald13@geocities.com,Male,47.254.156.165
41,Edithe,Derr,ederr14@wix.com,Female,143.179.217.118
42,Gussy,Barck,gbarck15@blogger.com,Female,140.130.136.21
43,Gabbi,Aire,gaire16@github.io,Female,171.145.234.252
44,Giustina,Tanswill,gtanswill17@xing.com,Female,219.237.9.220
45,Rora,Giovanitti,rgiovanitti18@twitter.com,Female,209.242.74.118
46,Rudolf,Sell,rsell19@hibu.com,Male,184.139.254.225
47,Tommie,Dollar,tdollar1a@hibu.com,Male,166.38.161.200
48,Devland,Garrard,dgarrard1b@ebay.com,Male,116.131.198.164
49,Christie,Matcham,cmatcham1c@buzzfeed.com,Male,66.213.252.107
50,Alair,Elesander,aelesander1d@unesco.org,Male,81.85.81.251
51,Micheil,Titcombe,mtitcombe1e@dmoz.org,Male,53.44.220.24
52,Clyde,Klimkowski,cklimkowski1f@theglobeandmail.com,Male,190.123.107.58
53,Wendell,Hylton,whylton1g@amazon.de,Male,104.24.194.12
54,Farly,Lamperti,flamperti1h@cdc.gov,Male,15.96.128.61
55,Karlotte,Venton,kventon1i@cornell.edu,Female,75.140.115.5
56,Doyle,Shenfisch,dshenfisch1j@diigo.com,Male,0.89.56.230
57,Jacques,Britney,jbritney1k@marketwatch.com,Male,3.118.92.194
58,Karim,Wyard,kwyard1l@booking.com,Male,184.211.86.242
59,Berton,Drexel,bdrexel1m@1688.com,Male,130.92.221.219
60,Jerri,Jaggar,jjaggar1n@nba.com,Male,140.215.172.129
61,Caren,Barnham,cbarnham1o@sakura.ne.jp,Female,212.33.180.204
62,Thacher,Fosh,tfosh1p@mac.com,Male,234.98.3.124
63,Ambrosi,Folley,afolley1q@diigo.com,Male,241.203.102.211
64,Benedikt,Brocks,bbrocks1r@liveinternet.ru,Male,65.30.235.184
65,Jud,Kemmer,jkemmer1s@liveinternet.ru,Male,141.122.200.135
66,Bamby,Eitter,beitter1t@ox.ac.uk,Female,178.187.155.160
67,Emma,Noir,enoir1u@earthlink.net,Female,164.4.228.249
68,Herbie,Scattergood,hscattergood1v@phpbb.com,Male,174.172.250.233
69,Cross,Mosson,cmosson1w@ftc.gov,Male,146.137.76.243
70,Lynn,Brushfield,lbrushfield1x@bing.com,Female,88.194.223.144
71,Pierette,McDoual,pmcdoual1y@dion.ne.jp,Female,235.203.100.237
72,Walden,Johannes,wjohannes1z@amazon.de,Male,18.202.128.65
73,Fulvia,Scimonelli,fscimonelli20@biblegateway.com,Female,199.119.219.95
74,Lian,Moule,lmoule21@hhs.gov,Female,77.147.228.153
75,Teddi,Seath,tseath22@vimeo.com,Female,234.36.7.7
76,Emlyn,Treweela,etreweela23@macromedia.com,Male,247.77.131.98
77,Val,Orris,vorris24@delicious.com,Male,196.32.47.63
78,Meade,Pregel,mpregel25@google.cn,Female,6.255.238.127
79,Stefa,Staunton,sstaunton26@nature.com,Female,243.210.225.183
80,Linzy,Yielding,lyielding27@aboutads.info,Female,93.70.22.40
81,Lane,Cropper,lcropper28@earthlink.net,Male,158.228.163.88
82,Anatole,Elsley,aelsley29@alibaba.com,Male,31.250.194.157
83,Jerri,Dunniom,jdunniom2a@apple.com,Male,15.82.120.5
84,Ignacio,Hurford,ihurford2b@bandcamp.com,Male,62.9.216.203
85,Bald,Hartas,bhartas2c@hexun.com,Male,103.211.61.53
86,Georgia,Stoddard,gstoddard2d@gmpg.org,Female,208.52.229.100
87,Troy,Phidgin,tphidgin2e@hao123.com,Male,117.41.15.166
88,Etti,McVicker,emcvicker2f@jiathis.com,Female,159.96.58.237
89,De witt,Pither,dpither2g@tripadvisor.com,Male,103.78.31.110
90,Etienne,Leach,eleach2h@moonfruit.com,Male,131.70.141.79
91,Lynnette,McKinless,lmckinless2i@rediff.com,Female,170.249.239.251
92,Pamelina,Shallcross,pshallcross2j@stanford.edu,Female,170.243.56.17
93,Berny,Penhallurick,bpenhallurick2k@prlog.org,Male,4.105.191.197
94,Misha,Mushrow,mmushrow2l@studiopress.com,Female,240.3.202.89
95,Nevsa,Gounot,ngounot2m@nymag.com,Female,14.8.62.13
96,Uriah,McQuaide,umcquaide2n@dell.com,Male,162.65.144.252
97,Maggi,Stovine,mstovine2o@aboutads.info,Female,187.205.116.78
98,June,Joe,jjoe2p@gnu.org,Female,14.113.63.62
99,Brandy,Lawman,blawman2q@meetup.com,Male,24.218.213.96
100,Shana,Claybourne,sclaybourne2r@hhs.gov,Female,147.243.248.50
101,Jo-anne,Haggerwood,jhaggerwood2s@nhs.uk,Female,152.74.14.18
102,Florance,Baly,fbaly2t@baidu.com,Female,61.145.41.168
103,Keeley,Bowley,kbowley2u@barnesandnoble.com,Female,157.61.95.213
104,Ruddie,Seymer,rseymer2v@eepurl.com,Male,2.191.213.246
105,Jarvis,Bilovsky,jbilovsky2w@nsw.gov.au,Male,71.248.9.187
106,Kermie,Kurt,kkurt2x@geocities.jp,Male,119.96.200.115
107,Ive,Slixby,islixby2y@arizona.edu,Male,98.202.252.123
108,Cassius,Duffer,cduffer2z@home.pl,Male,230.76.156.171
109,Janith,Bernardet,jbernardet30@plala.or.jp,Female,29.53.237.230
110,Jerrylee,Labbey,jlabbey31@163.com,Female,201.220.65.236
111,Aura,Harnetty,aharnetty32@kickstarter.com,Female,189.118.215.104
112,Raina,Fridaye,rfridaye33@salon.com,Female,239.79.19.170
113,L;urette,Marian,lmarian34@patch.com,Female,141.221.211.22
114,Agretha,Jansa,ajansa35@mtv.com,Female,87.159.196.141
115,Drugi,Minogue,dminogue36@oracle.com,Male,167.230.231.32
116,Engelbert,McCluin,emccluin37@pagesperso-orange.fr,Male,239.184.14.132
117,Aretha,Ambrosini,aambrosini38@epa.gov,Female,255.192.74.89
118,Axel,Bucke,abucke39@hostgator.com,Male,40.152.98.220
119,Murry,MacKellen,mmackellen3a@bizjournals.com,Male,202.40.106.148
120,Caria,Eggleton,ceggleton3b@sakura.ne.jp,Female,116.72.185.62
121,Brant,Andrichuk,bandrichuk3c@icq.com,Male,13.33.163.82
122,Michelina,Akram,makram3d@sciencedirect.com,Female,57.69.75.180
123,Fran,Glencorse,fglencorse3e@zdnet.com,Female,81.46.12.197
124,Florri,McParland,fmcparland3f@msn.com,Female,116.86.31.23
125,Gabrila,Francescuzzi,gfrancescuzzi3g@fema.gov,Female,30.225.66.72
126,Murvyn,Shingfield,mshingfield3h@edublogs.org,Male,30.65.112.149
127,Rosemaria,Moylan,rmoylan3i@dagondesign.com,Female,219.233.199.44
128,Sarene,Knowlton,sknowlton3j@arstechnica.com,Female,202.80.174.162
129,Isis,Matches,imatches3k@microsoft.com,Female,179.147.100.84
130,Annabel,Shearsby,ashearsby3l@netvibes.com,Female,159.215.32.158
131,Juditha,Haberjam,jhaberjam3m@tuttocitta.it,Female,226.170.14.120
132,Orella,Alekseicik,oalekseicik3n@hp.com,Female,116.150.209.115
133,Damiano,Abrahamsohn,dabrahamsohn3o@chicagotribune.com,Male,14.201.198.213
134,Laurens,Thackham,lthackham3p@360.cn,Male,32.247.90.239
135,Lucia,Bernardoux,lbernardoux3q@businessweek.com,Female,216.192.205.227
136,Udell,Widocks,uwidocks3r@nbcnews.com,Male,148.43.100.50
137,Stephine,Ghione,sghione3s@slashdot.org,Female,40.165.216.118
138,Annecorinne,MacMeekan,amacmeekan3t@phpbb.com,Female,92.146.110.8
139,Jorge,Lotherington,jlotherington3u@myspace.com,Male,15.41.23.79
140,Lemar,Simoneton,lsimoneton3v@whitehouse.gov,Male,230.122.188.106
141,Cassey,Orneles,corneles3w@youtube.com,Female,116.128.121.112
142,Ofella,Thyng,othyng3x@rediff.com,Female,67.34.148.36
143,Brandais,Bleazard,bbleazard3y@hugedomains.com,Female,138.139.78.150
144,Norma,Cuerda,ncuerda3z@wikipedia.org,Female,165.123.134.124
145,Sapphire,Batterham,sbatterham40@skype.com,Female,8.194.174.132
146,Amelia,Aguilar,aaguilar41@un.org,Female,174.164.76.54
147,Kale,Raubheim,kraubheim42@surveymonkey.com,Male,124.76.217.59
148,Bary,Condict,bcondict43@fema.gov,Male,227.87.234.130
149,Caitrin,McIllrick,cmcillrick44@comcast.net,Female,81.165.52.22
150,Izabel,Yorston,iyorston45@cargocollective.com,Female,14.5.154.221
151,Hakeem,Tatlowe,htatlowe46@nhs.uk,Male,22.2.15.211
152,Bartholomeo,Esselen,besselen47@ovh.net,Male,19.172.156.229
153,Whitman,Whithalgh,wwhithalgh48@techcrunch.com,Male,44.209.178.140
154,Dannie,Hanham,dhanham49@deliciousdays.com,Male,185.67.148.235
155,Desirae,Colam,dcolam4a@wsj.com,Female,150.119.117.83
156,Lynda,Glas,lglas4b@fema.gov,Female,17.191.227.225
157,Cesare,Wontner,cwontner4c@bravesites.com,Male,240.92.3.155
158,Sheila-kathryn,Liddyard,sliddyard4d@marketwatch.com,Female,23.152.196.124
159,Tomkin,Blasetti,tblasetti4e@google.co.jp,Male,241.155.4.253
160,Raphael,Gyenes,rgyenes4f@cdbaby.com,Male,34.13.144.97
161,Jaquenetta,Dagger,jdagger4g@wiley.com,Female,49.5.239.154
162,Northrup,Diack,ndiack4h@prweb.com,Male,158.218.38.88
163,Stanley,Laddle,sladdle4i@dot.gov,Male,36.149.230.203
164,Adriane,Dearnaley,adearnaley4j@xrea.com,Female,56.95.237.224
165,Stesha,Elcum,selcum4k@yahoo.com,Female,114.129.226.52
166,Ursala,Barts,ubarts4l@eepurl.com,Female,196.1.107.202
167,Rouvin,Kerrigan,rkerrigan4m@i2i.jp,Male,42.20.148.29
168,Nancy,Trynor,ntrynor4n@technorati.com,Female,2.134.16.187
169,Abba,Stubs,astubs4o@feedburner.com,Male,13.129.137.252
170,Iggie,Balk,ibalk4p@dailymail.co.uk,Male,70.140.107.79
171,Coletta,Dickings,cdickings4q@taobao.com,Female,190.155.188.79
172,Gustie,Simchenko,gsimchenko4r@aol.com,Female,16.1.54.220
173,Wallas,Sommers,wsommers4s@reference.com,Male,8.220.199.68
174,Elana,Ziems,eziems4t@lulu.com,Female,15.215.90.100
175,Ruthy,Stampe,rstampe4u@mit.edu,Female,101.241.142.201
176,Annice,Heinzel,aheinzel4v@skype.com,Female,218.166.96.237
177,Korey,Pankhurst.,kpankhurst4w@ucla.edu,Male,5.27.12.221
178,Germain,Langlais,glanglais4x@xrea.com,Female,185.151.84.77
179,Kin,Blackaller,kblackaller4y@census.gov,Male,112.170.98.233
180,Gale,Balmer,gbalmer4z@liveinternet.ru,Male,112.93.43.26
181,Alameda,Duester,aduester50@google.es,Female,101.162.27.216
182,Tobias,Abercrombie,tabercrombie51@addthis.com,Male,107.101.66.137
183,Antonina,Le Monnier,alemonnier52@booking.com,Female,8.23.185.181
184,Yorke,Spurrett,yspurrett53@senate.gov,Male,237.13.184.68
185,Forrester,Alsobrook,falsobrook54@wiley.com,Male,10.87.207.52
186,Shirline,Jillis,sjillis55@cnet.com,Female,130.26.52.201
187,Vladamir,May,vmay56@xing.com,Male,201.52.106.139
188,Kirsti,Olner,kolner57@freewebs.com,Female,250.69.147.36
189,Reta,Kose,rkose58@chronoengine.com,Female,42.56.20.120
190,Haily,Doy,hdoy59@paginegialle.it,Female,29.184.62.77
191,Park,Seldon,pseldon5a@altervista.org,Male,173.100.50.1
192,Olenolin,Ollerearnshaw,oollerearnshaw5b@github.com,Male,145.70.12.104
193,Shirlee,Emblin,semblin5c@economist.com,Female,36.50.39.98
194,Jules,De la Yglesias,jdelayglesias5d@blogger.com,Male,139.11.109.141
195,Greer,Scoffins,gscoffins5e@tripadvisor.com,Female,170.167.64.204
196,Cindie,Aulsford,caulsford5f@ft.com,Female,99.53.240.160
197,Arny,Rash,arash5g@accuweather.com,Male,146.33.23.132
198,Chauncey,McColm,cmccolm5h@printfriendly.com,Male,172.116.244.190
199,Teddy,Ivanusyev,tivanusyev5i@fema.gov,Male,239.82.45.185
200,Bambi,Murrie,bmurrie5j@ox.ac.uk,Female,8.191.3.50
201,Erhard,Poxon,epoxon5k@pcworld.com,Male,74.38.224.192
202,Katherine,Schohier,kschohier5l@adobe.com,Female,97.84.45.76
203,Orsola,Gladden,ogladden5m@biblegateway.com,Female,37.109.108.251
204,Ulick,Sime,usime5n@csmonitor.com,Male,254.62.5.216
205,Georges,Burgess,gburgess5o@wunderground.com,Male,35.224.76.32
206,Kienan,Wesson,kwesson5p@example.com,Male,14.92.17.63
207,Frasier,Tiplady,ftiplady5q@elpais.com,Male,255.22.231.209
208,Terrie,Ciccotto,tciccotto5r@sohu.com,Female,214.5.90.247
209,Corie,Blewett,cblewett5s@sitemeter.com,Female,17.126.254.44
210,Natal,Redier,nredier5t@bloglovin.com,Male,129.52.171.133
211,Shelba,Wheelwright,swheelwright5u@cmu.edu,Female,218.87.174.56
212,Codi,Gill,cgill5v@cocolog-nifty.com,Male,4.94.114.163
213,Delphinia,Stickland,dstickland5w@aol.com,Female,31.177.88.150
214,Ephrayim,Ringer,eringer5x@google.com.au,Male,252.3.176.59
215,Faith,Zettler,fzettler5y@wufoo.com,Female,217.9.30.178
216,Fernandina,MacSorley,fmacsorley5z@google.pl,Female,129.172.21.99
217,Edmon,Ovanesian,eovanesian60@tumblr.com,Male,210.238.221.62
218,Kalindi,Winkless,kwinkless61@who.int,Female,213.123.48.235
219,Vernor,Godley,vgodley62@cpanel.net,Male,178.124.47.114
220,Johna,Eminson,jeminson63@washington.edu,Female,209.164.5.83
221,Nat,Cheers,ncheers64@mtv.com,Male,41.174.164.97
222,Kirby,Fleisch,kfleisch65@adobe.com,Female,212.100.159.140
223,Gayla,Corcoran,gcorcoran66@w3.org,Female,0.55.223.85
224,Dorry,Hannent,dhannent67@fc2.com,Female,91.68.217.246
225,Arley,Mapes,amapes68@wikispaces.com,Male,205.188.200.237
226,Mayne,Scurrah,mscurrah69@nyu.edu,Male,41.43.112.247
227,Hernando,Wallsworth,hwallsworth6a@oracle.com,Male,111.112.16.146
228,Felicle,Tipens,ftipens6b@dropbox.com,Female,148.200.16.15
229,Quintin,Yapp,qyapp6c@hhs.gov,Male,10.70.80.75
230,Obidiah,Spraggs,ospraggs6d@vkontakte.ru,Male,121.49.86.221
231,Dulsea,Dimbylow,ddimbylow6e@csmonitor.com,Female,123.18.245.59
232,Irina,Burgoin,iburgoin6f@howstuffworks.com,Female,66.119.19.238
233,Darcie,Rysom,drysom6g@w3.org,Female,189.128.233.133
234,Florina,Denisard,fdenisard6h@sitemeter.com,Female,50.32.87.9
235,Zorana,Pleasants,zpleasants6i@nps.gov,Female,139.21.244.237
236,Ruy,Drinnan,rdrinnan6j@dedecms.com,Male,116.252.138.201
237,Adelaida,O'Flynn,aoflynn6k@uiuc.edu,Female,77.187.230.129
238,Avery,Amesbury,aamesbury6l@addtoany.com,Male,151.209.230.25
239,Gerald,Brinicombe,gbrinicombe6m@elpais.com,Male,195.71.225.47
240,Audry,McCaskill,amccaskill6n@cocolog-nifty.com,Female,97.126.14.32
241,Candis,Ickovitz,cickovitz6o@census.gov,Female,109.164.251.45
242,Cornie,D'Elias,cdelias6p@wp.com,Male,8.165.116.109
243,Yuma,Cloutt,ycloutt6q@biblegateway.com,Male,109.116.144.116
244,Eudora,Meaker,emeaker6r@bloglines.com,Female,249.76.29.58
245,Jory,Peartree,jpeartree6s@soundcloud.com,Male,233.153.148.171
246,Jerrilee,Darlasson,jdarlasson6t@diigo.com,Female,226.242.186.62
247,Tori,Laurant,tlaurant6u@qq.com,Female,242.226.80.183
248,Manon,Gozzard,mgozzard6v@homestead.com,Female,111.0.15.109
249,Sherman,Durrad,sdurrad6w@godaddy.com,Male,176.161.152.53
250,Aliza,Dundendale,adundendale6x@baidu.com,Female,238.108.82.31
251,Conrade,Denecamp,cdenecamp6y@csmonitor.com,Male,109.151.87.196
252,Batholomew,Lippitt,blippitt6z@jimdo.com,Male,226.124.182.98
253,Pablo,Mack,pmack70@infoseek.co.jp,Male,173.183.46.152
254,Maddy,Stroobant,mstroobant71@1und1.de,Male,170.172.211.212
255,Karola,Dorrance,kdorrance72@cam.ac.uk,Female,1.63.243.172
256,Barron,Mallender,bmallender73@dion.ne.jp,Male,217.254.135.212
257,Bel,Rosenauer,brosenauer74@auda.org.au,Female,129.151.56.84
258,Eda,Muspratt,emuspratt75@comcast.net,Female,167.40.101.166
259,Nolana,Masham,nmasham76@salon.com,Female,212.205.84.150
260,Janey,Willcox,jwillcox77@nature.com,Female,66.214.79.87
261,Peyter,Hardistry,phardistry78@reuters.com,Male,214.197.236.45
262,Luciana,Byk,lbyk79@unc.edu,Female,175.31.187.190
263,Raynell,Mailes,rmailes7a@state.gov,Female,96.25.79.84
264,Yank,Rance,yrance7b@cdc.gov,Male,43.95.142.89
265,Waly,Hellyar,whellyar7c@ftc.gov,Female,165.16.112.104
266,Traver,Blaycock,tblaycock7d@fotki.com,Male,49.162.49.219
267,Benjie,Snelson,bsnelson7e@oaic.gov.au,Male,86.152.238.200
268,Adela,Sowray,asowray7f@accuweather.com,Female,15.57.71.96
269,Elizabeth,Paylor,epaylor7g@ca.gov,Female,131.203.96.153
270,Rozanna,Flacke,rflacke7h@wordpress.com,Female,86.56.144.90
271,Darb,Niese,dniese7i@dell.com,Female,199.80.22.48
272,Andonis,Abethell,aabethell7j@reverbnation.com,Male,240.233.60.234
273,Tilly,Kubu,tkubu7k@apple.com,Female,222.183.32.94
274,Dorothy,Reace,dreace7l@sitemeter.com,Female,164.205.118.59
275,Bearnard,Korbmaker,bkorbmaker7m@desdev.cn,Male,107.66.231.97
276,Ganny,Fer,gfer7n@google.com.au,Male,118.21.107.132
277,Yehudi,Prati,yprati7o@wikipedia.org,Male,5.241.194.58
278,Mendie,Tuttle,mtuttle7p@nationalgeographic.com,Male,214.148.182.19
279,Timoteo,Layfield,tlayfield7q@psu.edu,Male,53.198.126.84
280,Janette,Peregrine,jperegrine7r@sohu.com,Female,40.105.10.234
281,Mathias,Martinello,mmartinello7s@cdbaby.com,Male,200.32.252.73
282,Abelard,Axell,aaxell7t@privacy.gov.au,Male,115.99.123.124
283,Viola,Dominique,vdominique7u@bandcamp.com,Female,155.138.32.149
284,Dinny,Stanners,dstanners7v@twitter.com,Female,72.72.38.57
285,Whitby,Spinney,wspinney7w@deviantart.com,Male,23.15.23.249
286,Bertie,Nielson,bnielson7x@imdb.com,Female,8.144.147.31
287,Lorens,Hamill,lhamill7y@amazon.com,Male,246.231.77.144
288,Spence,Lanning,slanning7z@pagesperso-orange.fr,Male,142.30.154.76
289,Donnell,Adenet,dadenet80@un.org,Male,118.214.15.104
290,Woodrow,Shutt,wshutt81@ustream.tv,Male,58.57.173.116
291,Cassy,MacAllister,cmacallister82@upenn.edu,Female,244.129.207.219
292,Gwynne,Pasticznyk,gpasticznyk83@github.com,Female,198.8.207.166
293,Hamel,Gieves,hgieves84@networkadvertising.org,Male,191.206.75.149
294,Sherilyn,Klaggeman,sklaggeman85@friendfeed.com,Female,137.157.171.126
295,Brade,Fazzioli,bfazzioli86@aol.com,Male,14.129.81.219
296,Sammy,Sowten,ssowten87@photobucket.com,Female,29.165.172.74
297,Grier,Loakes,gloakes88@de.vu,Female,246.190.215.244
298,Ignace,Hearmon,ihearmon89@usa.gov,Male,227.5.194.192
299,Karlee,Barras,kbarras8a@dion.ne.jp,Female,34.173.75.220
300,Madelyn,Cheng,mcheng8b@cmu.edu,Female,170.148.17.164
301,Marcus,Bottby,mbottby8c@scribd.com,Male,46.206.88.111
302,Sunny,Tuffley,stuffley8d@nps.gov,Female,8.4.115.192
303,Roley,Toplis,rtoplis8e@sina.com.cn,Male,45.138.234.124
304,My,Peerman,mpeerman8f@hp.com,Male,200.46.90.126
305,Duane,Tumbelty,dtumbelty8g@npr.org,Male,224.109.51.94
306,Urban,Delgua,udelgua8h@unicef.org,Male,119.147.76.113
307,Goldia,Egell,gegell8i@ow.ly,Female,154.54.79.98
308,Hildy,Butner,hbutner8j@ameblo.jp,Female,208.131.55.243
309,Bram,Dumke,bdumke8k@census.gov,Male,208.32.27.237
310,Ginny,Espinazo,gespinazo8l@shop-pro.jp,Female,137.255.143.15
311,Abdel,Wetherby,awetherby8m@gravatar.com,Male,221.5.48.203
312,Tandi,Karolczyk,tkarolczyk8n@upenn.edu,Female,76.79.14.161
313,Garland,Lydiard,glydiard8o@blogger.com,Female,11.161.186.209
314,Ermengarde,Reedman,ereedman8p@nytimes.com,Female,255.178.46.196
315,Marylin,Hancox,mhancox8q@microsoft.com,Female,106.42.141.185
316,Rozelle,Broxup,rbroxup8r@blinklist.com,Female,123.90.27.156
317,Adina,Epilet,aepilet8s@last.fm,Female,53.31.90.100
318,Amalea,Tregidgo,atregidgo8t@wired.com,Female,126.147.122.226
319,Agnesse,Wasmer,awasmer8u@amazon.co.jp,Female,222.251.58.6
320,Freedman,Nockells,fnockells8v@google.com,Male,140.133.216.83
321,Terrye,Capper,tcapper8w@whitehouse.gov,Female,242.65.238.50
322,Haywood,Haney`,hhaney8x@bigcartel.com,Male,108.206.208.110
323,Kaspar,Mutlow,kmutlow8y@umn.edu,Male,223.41.187.28
324,Honoria,Norrie,hnorrie8z@tripadvisor.com,Female,28.237.137.185
325,Wenona,Jotham,wjotham90@cdbaby.com,Female,22.60.109.244
326,Madlen,Beeze,mbeeze91@yale.edu,Female,212.125.199.168
327,Cristiano,Pirdy,cpirdy92@ycombinator.com,Male,185.183.100.86
328,Rebecka,Bockings,rbockings93@gravatar.com,Female,217.109.209.135
329,Jabez,Stanger,jstanger94@bloglovin.com,Male,43.67.122.13
330,Will,Louw,wlouw95@census.gov,Male,155.28.107.28
331,Tabina,Konmann,tkonmann96@163.com,Female,170.139.133.104
332,Joete,Moyler,jmoyler97@blogspot.com,Female,95.243.35.144
333,Giff,Kleinlerer,gkleinlerer98@bloglines.com,Male,65.225.74.104
334,Rosina,D'Ugo,rdugo99@engadget.com,Female,131.125.104.32
335,Andrej,Whardley,awhardley9a@earthlink.net,Male,122.73.202.186
336,Giacopo,Matityahu,gmatityahu9b@mysql.com,Male,180.74.180.49
337,Trevar,Besemer,tbesemer9c@hibu.com,Male,124.126.196.52
338,Ninnetta,Ilchuk,nilchuk9d@ebay.com,Female,65.50.242.201
339,Elvis,Klaussen,eklaussen9e@cafepress.com,Male,252.229.21.40
340,Mitchell,Mallam,mmallam9f@washingtonpost.com,Male,138.22.179.212
341,Mirabella,Liddiard,mliddiard9g@bigcartel.com,Female,129.133.84.234
342,Parnell,Dachey,pdachey9h@usatoday.com,Male,246.156.242.191
343,Calhoun,Sherred,csherred9i@ihg.com,Male,184.138.216.30
344,Temp,Stolberg,tstolberg9j@nydailynews.com,Male,14.191.128.64
345,Dominica,Maben,dmaben9k@hatena.ne.jp,Female,207.67.43.102
346,Casey,St. Quintin,cstquintin9l@marketwatch.com,Male,6.9.137.157
347,Trista,Gerty,tgerty9m@123-reg.co.uk,Female,108.146.157.31
348,Harcourt,Brigham,hbrigham9n@businesswire.com,Male,229.134.119.70
349,Cele,Lydiate,clydiate9o@walmart.com,Female,44.167.66.69
350,Prent,Umpleby,pumpleby9p@digg.com,Male,135.101.236.37
351,Elia,Collin,ecollin9q@independent.co.uk,Male,58.88.76.171
352,Theadora,Gowing,tgowing9r@bbc.co.uk,Female,58.255.226.212
353,Jacquie,Gallear,jgallear9s@bigcartel.com,Female,252.146.27.40
354,Link,Ianelli,lianelli9t@redcross.org,Male,68.102.73.10
355,Shaw,Wilshere,swilshere9u@hp.com,Male,38.225.173.216
356,Sven,Kores,skores9v@techcrunch.com,Male,204.77.227.90
357,Alvina,Elesander,aelesander9w@blogs.com,Female,135.158.218.106
358,Hillard,McLarty,hmclarty9x@sohu.com,Male,27.82.230.146
359,Henry,Sylvester,hsylvester9y@wordpress.com,Male,105.53.12.58
360,Klarrisa,Spiaggia,kspiaggia9z@harvard.edu,Female,14.219.19.123
361,Jemmie,Hoggetts,jhoggettsa0@google.co.jp,Female,216.222.10.229
362,Brad,Boldt,bboldta1@vkontakte.ru,Male,33.16.222.172
363,Danie,Cromblehome,dcromblehomea2@1688.com,Male,149.187.118.216
364,Gustavus,Quinney,gquinneya3@wordpress.com,Male,132.7.52.17
365,Garwood,Oaker,goakera4@hubpages.com,Male,112.110.238.141
366,Lanae,Govett,lgovetta5@google.it,Female,211.65.89.170
367,Shayne,Doale,sdoalea6@ning.com,Male,212.86.223.210
368,Jelene,Halford,jhalforda7@amazon.co.jp,Female,112.46.151.111
369,Charlton,Hasser,chassera8@cnn.com,Male,218.116.230.55
370,Allin,Grewer,agrewera9@msn.com,Male,33.17.217.122
371,Harwell,Sambidge,hsambidgeaa@europa.eu,Male,68.186.87.221
372,Tandi,Schutze,tschutzeab@gravatar.com,Female,233.110.125.170
373,Mort,McInnery,mmcinneryac@ted.com,Male,87.228.162.30
374,Jamil,Guswell,jguswellad@walmart.com,Male,20.115.71.2
375,Pauline,Bubbear,pbubbearae@flickr.com,Female,39.112.34.251
376,Martainn,Lumsdon,mlumsdonaf@indiegogo.com,Male,232.125.114.26
377,Colet,Thrush,cthrushag@disqus.com,Male,18.190.253.244
378,Hamil,Grennan,hgrennanah@t-online.de,Male,52.39.145.221
379,Jamil,Gilbee,jgilbeeai@creativecommons.org,Male,145.42.182.201
380,Bev,Iaduccelli,biaduccelliaj@gizmodo.com,Female,211.17.36.10
381,Merci,Timbs,mtimbsak@pbs.org,Female,13.90.182.51
382,Iosep,Grubbe,igrubbeal@upenn.edu,Male,32.231.56.158
383,Ivy,Euesden,ieuesdenam@pagesperso-orange.fr,Female,88.29.50.243
384,Bar,Joule,bjoulean@comsenz.com,Male,4.157.177.139
385,Sidnee,Hoofe,shoofeao@yellowpages.com,Male,1.192.0.13
386,Ula,Bleesing,ubleesingap@blogger.com,Female,225.204.49.75
387,Jessie,Knowlman,jknowlmanaq@jugem.jp,Male,219.106.155.132
388,Alessandro,Perotti,aperottiar@yellowbook.com,Male,206.244.217.1
389,Worth,Crilley,wcrilleyas@wired.com,Male,94.65.123.201
390,Giorgi,Edinburough,gedinburoughat@ow.ly,Male,101.100.243.226
391,Joey,Cuss,jcussau@themeforest.net,Male,197.33.255.144
392,Boyd,Barfford,bbarffordav@people.com.cn,Male,7.75.90.72
393,Shelley,Shotboult,sshotboultaw@behance.net,Male,222.145.117.42
394,Lon,Chaikovski,lchaikovskiax@twitpic.com,Male,136.28.183.21
395,Guy,Lelande,glelandeay@shinystat.com,Male,32.112.156.215
396,Ruthy,Petlyura,rpetlyuraaz@cam.ac.uk,Female,19.133.90.236
397,Filmer,Guido,fguidob0@delicious.com,Male,247.12.73.99
398,Edlin,Tume,etumeb1@aboutads.info,Male,213.132.224.36
399,Lorette,Jerrold,ljerroldb2@hatena.ne.jp,Female,185.42.24.182
400,Saunder,Fateley,sfateleyb3@homestead.com,Male,74.27.23.193
401,Clo,Philipps,cphilippsb4@mtv.com,Female,221.232.239.75
402,Carling,Cavendish,ccavendishb5@jiathis.com,Male,158.182.72.252
403,Merwin,Galbraeth,mgalbraethb6@nydailynews.com,Male,220.133.42.75
404,Giffie,Brychan,gbrychanb7@jalbum.net,Male,228.226.94.4
405,Joann,Barroux,jbarrouxb8@businessinsider.com,Female,222.166.200.253
406,Philis,MacRedmond,pmacredmondb9@devhub.com,Female,21.56.38.61
407,Shana,Bray,sbrayba@fda.gov,Female,152.219.69.230
408,Elnora,Parlot,eparlotbb@opera.com,Female,25.158.215.18
409,Ryun,Perring,rperringbc@umich.edu,Male,137.77.0.241
410,Lian,Simonard,lsimonardbd@myspace.com,Female,138.23.59.23
411,Daren,Inworth,dinworthbe@wunderground.com,Male,224.9.38.62
412,Jojo,Lauritsen,jlauritsenbf@cbslocal.com,Female,83.239.106.47
413,Adriano,Iacovozzo,aiacovozzobg@hostgator.com,Male,136.74.126.240
414,Rey,Cottier,rcottierbh@bandcamp.com,Male,153.91.141.217
415,Gill,Gealy,ggealybi@thetimes.co.uk,Female,9.194.25.238
416,Maribelle,McGaughey,mmcgaugheybj@unesco.org,Female,126.69.84.123
417,Tucker,Levecque,tlevecquebk@macromedia.com,Male,77.166.179.124
418,Meara,MacCathay,mmaccathaybl@quantcast.com,Female,64.91.37.75
419,Barb,Holmyard,bholmyardbm@sfgate.com,Female,149.139.34.77
420,Benedetta,Meijer,bmeijerbn@arstechnica.com,Female,55.62.140.183
421,Glyn,Pelling,gpellingbo@amazon.com,Female,50.127.175.16
422,Bertrand,Barlas,bbarlasbp@aboutads.info,Male,240.242.186.45
423,Walden,Wawer,wwawerbq@eventbrite.com,Male,124.234.62.84
424,Lazarus,McMillian,lmcmillianbr@seesaa.net,Male,129.111.107.124
425,Angel,Glasheen,aglasheenbs@sbwire.com,Male,166.64.206.205
426,Aluino,Suggate,asuggatebt@goo.ne.jp,Male,219.18.113.185
427,Baily,Fourcade,bfourcadebu@hhs.gov,Male,68.70.42.87
428,Harriott,Bangham,hbanghambv@imgur.com,Female,133.108.40.196
429,Fields,Corton,fcortonbw@dailymotion.com,Male,41.29.89.139
430,Shelley,Wing,swingbx@abc.net.au,Male,171.207.180.56
431,Kipp,De Matteis,kdematteisby@google.it,Male,219.181.41.160
432,Ilario,Farfoot,ifarfootbz@about.com,Male,177.224.149.190
433,Tara,Sprague,tspraguec0@admin.ch,Female,142.95.102.178
434,Camilla,Jori,cjoric1@mashable.com,Female,175.33.245.238
435,Ervin,Esler,eeslerc2@dion.ne.jp,Male,176.233.97.9
436,Wilona,Tomlinson,wtomlinsonc3@slate.com,Female,67.171.240.119
437,Elizabet,Gueny,eguenyc4@ox.ac.uk,Female,25.15.102.46
438,Vinnie,Bedberry,vbedberryc5@tuttocitta.it,Female,200.56.184.176
439,Valery,Galer,vgalerc6@discovery.com,Female,154.164.104.229
440,Dee dee,Frodsam,dfrodsamc7@theatlantic.com,Female,210.186.179.59
441,Ninnette,Raoult,nraoultc8@google.cn,Female,75.78.170.199
442,Ervin,Brain,ebrainc9@wix.com,Male,69.213.35.101
443,Inglis,Lowdiane,ilowdianeca@marketwatch.com,Male,243.18.155.115
444,Chrisse,Leyton,cleytoncb@liveinternet.ru,Male,197.126.58.203
445,Bennett,D'Antoni,bdantonicc@flickr.com,Male,100.18.82.84
446,Derril,Rowbottam,drowbottamcd@stanford.edu,Male,131.58.57.50
447,Elwood,Paulton,epaultonce@npr.org,Male,130.35.8.82
448,Dolley,Leal,dlealcf@flickr.com,Female,90.222.127.7
449,Kyle,Truman,ktrumancg@nih.gov,Male,82.109.23.70
450,Benedikta,Lerwill,blerwillch@google.fr,Female,125.60.24.83
451,Greer,Vasyunichev,gvasyunichevci@tripod.com,Female,147.197.38.8
452,Umberto,Harmston,uharmstoncj@theguardian.com,Male,129.174.14.139
453,Jaimie,Lovering,jloveringck@prlog.org,Male,9.56.111.70
454,Gloria,Dalyell,gdalyellcl@yale.edu,Female,35.169.56.85
455,Vinny,Van Der Straaten,vvanderstraatencm@yandex.ru,Male,32.132.55.89
456,Jobey,Klageman,jklagemancn@latimes.com,Female,227.188.75.36
457,Hanna,Lamba,hlambaco@goo.ne.jp,Female,67.216.44.23
458,Garner,Torvey,gtorveycp@umich.edu,Male,236.71.81.198
459,Silvie,Howard,showardcq@unicef.org,Female,171.30.216.13
460,Rurik,Giuron,rgiuroncr@weibo.com,Male,71.162.139.103
461,Gamaliel,Stiller,gstillercs@creativecommons.org,Male,228.238.224.169
462,Drugi,Stirtle,dstirtlect@yahoo.co.jp,Male,123.249.110.153
463,Swen,Molfino,smolfinocu@typepad.com,Male,64.16.168.25
464,Orbadiah,Sabbin,osabbincv@msn.com,Male,51.38.246.214
465,Galven,Feben,gfebencw@boston.com,Male,232.24.208.203
466,Jedidiah,Boyton,jboytoncx@barnesandnoble.com,Male,0.9.78.24
467,Agna,Brasener,abrasenercy@ebay.com,Female,252.85.208.154
468,Dulcinea,Klemz,dklemzcz@moonfruit.com,Female,206.165.244.195
469,Ahmad,Skule,askuled0@cnbc.com,Male,190.137.205.165
470,Lorinda,Stansbie,lstansbied1@jalbum.net,Female,166.250.9.160
471,Inez,Lees,ileesd2@forbes.com,Female,68.251.207.21
472,Dot,Bootland,dbootlandd3@bluehost.com,Female,58.234.142.94
473,Caprice,Jeacop,cjeacopd4@xrea.com,Female,78.246.119.69
474,Delano,Downes,ddownesd5@hhs.gov,Male,32.81.180.66
475,Glad,Grimsdyke,ggrimsdyked6@squarespace.com,Female,27.27.184.232
476,Rolf,Hows,rhowsd7@sfgate.com,Male,217.163.23.145
477,Husein,Speke,hspeked8@dyndns.org,Male,212.35.52.129
478,Ferris,Pibsworth,fpibsworthd9@scribd.com,Male,46.187.175.55
479,Lenna,Ambrois,lambroisda@github.io,Female,92.212.195.58
480,Farica,Burchett,fburchettdb@fda.gov,Female,163.182.123.176
481,Thurston,Kamena,tkamenadc@odnoklassniki.ru,Male,86.154.54.39
482,Nixie,Quartly,nquartlydd@foxnews.com,Female,234.228.19.239
483,Anna-diane,Clewes,aclewesde@t.co,Female,239.154.33.180
484,Kirstyn,Bredbury,kbredburydf@about.com,Female,207.91.84.16
485,Walsh,Elecum,welecumdg@arstechnica.com,Male,179.190.38.13
486,Elliott,MacDearmid,emacdearmiddh@reference.com,Male,228.84.214.95
487,Huntley,Potes,hpotesdi@google.ca,Male,22.74.105.150
488,Jaymie,Hawker,jhawkerdj@arstechnica.com,Male,41.41.242.1
489,Patten,Cosbee,pcosbeedk@angelfire.com,Male,173.68.229.40
490,Howard,Benkhe,hbenkhedl@dion.ne.jp,Male,226.27.111.147
491,Cesaro,Drane,cdranedm@boston.com,Male,9.90.216.102
492,Bobbye,Antognazzi,bantognazzidn@stumbleupon.com,Female,129.136.6.190
493,Averil,Alexsandrev,aalexsandrevdo@biglobe.ne.jp,Female,61.27.12.33
494,Harlen,Perrygo,hperrygodp@jimdo.com,Male,153.3.129.111
495,Chiquita,Gabler,cgablerdq@geocities.jp,Female,250.84.51.84
496,Earlie,Ellum,eellumdr@hp.com,Male,82.182.249.19
497,Norean,Giffard,ngiffardds@i2i.jp,Female,123.235.102.13
498,Michal,Burge,mburgedt@tmall.com,Male,196.120.79.168
499,Boyce,Basile,bbasiledu@biblegateway.com,Male,236.123.240.123
500,Thekla,Bilborough,tbilboroughdv@blinklist.com,Female,16.254.175.202
501,Devlen,O' Bee,dobeedw@dedecms.com,Male,243.235.200.12
502,Aeriell,Boniface,abonifacedx@paginegialle.it,Female,124.150.85.17
503,Maddalena,Lasseter,mlasseterdy@mozilla.org,Female,202.111.83.63
504,Frazier,Pamphilon,fpamphilondz@people.com.cn,Male,141.186.29.111
505,Gordie,McDougall,gmcdougalle0@ucla.edu,Male,197.168.66.93
506,Rolfe,Matessian,rmatessiane1@huffingtonpost.com,Male,152.84.215.176
507,Abagail,Pieterick,apietericke2@nyu.edu,Female,197.1.127.223
508,Huntley,Henzer,hhenzere3@ehow.com,Male,70.197.99.147
509,Pennie,Levecque,plevecquee4@sourceforge.net,Male,224.112.211.30
510,Welch,Davidman,wdavidmane5@mozilla.com,Male,24.181.86.26
511,Stanislas,Fernando,sfernandoe6@unc.edu,Male,105.54.208.32
512,Karlene,Shearme,kshearmee7@lycos.com,Female,170.42.6.165
513,Cristabel,Kelloway,ckellowaye8@ifeng.com,Female,165.165.107.29
514,Fin,Ziehms,fziehmse9@japanpost.jp,Male,224.187.47.82
515,Glynn,Baudins,gbaudinsea@cnet.com,Male,226.223.125.118
516,Joseph,Dewire,jdewireeb@wp.com,Male,158.241.206.73
517,Orville,Radage,oradageec@princeton.edu,Male,208.242.131.196
518,Alvis,Cotter,acottered@freewebs.com,Male,73.81.231.96
519,Jonah,Poppy,jpoppyee@wordpress.org,Male,53.163.22.84
520,Andrei,Challoner,achalloneref@wikimedia.org,Female,228.24.86.100
521,Alisha,Steffan,asteffaneg@mozilla.org,Female,123.118.134.204
522,Beauregard,Manach,bmanacheh@goodreads.com,Male,79.155.33.10
523,Redd,Palfreeman,rpalfreemanei@sakura.ne.jp,Male,18.161.123.92
524,Menard,Dudley,mdudleyej@rediff.com,Male,253.72.190.151
525,Kakalina,Kleyn,kkleynek@ft.com,Female,225.210.93.222
526,Micky,Boller,mbollerel@merriam-webster.com,Female,141.105.33.132
527,Erik,Heardman,eheardmanem@amazon.com,Male,4.55.136.92
528,Erminie,Skeete,eskeeteen@comsenz.com,Female,109.84.217.243
529,Lyndsey,Stithe,lstitheeo@state.gov,Female,236.92.61.217
530,Nicko,Doncaster,ndoncasterep@reddit.com,Male,9.165.231.247
531,Felita,Rival,frivaleq@w3.org,Female,125.64.152.240
532,Germaine,Shegog,gshegoger@nature.com,Female,80.78.100.64
533,Web,Espinay,wespinayes@chronoengine.com,Male,229.254.213.163
534,Hollie,Eldred,heldredet@flavors.me,Female,73.225.111.130
535,Deonne,Weblin,dweblineu@smugmug.com,Female,174.222.220.213
536,Friedrich,Spacey,fspaceyev@theatlantic.com,Male,162.191.27.82
537,Elwyn,Bigmore,ebigmoreew@nasa.gov,Male,215.69.61.139
538,Othilia,Westraw,owestrawex@ft.com,Female,96.221.83.181
539,Maridel,Brobak,mbrobakey@studiopress.com,Female,204.173.2.90
540,Desdemona,Emptage,demptageez@mapquest.com,Female,133.200.62.237
541,Lou,Marquez,lmarquezf0@washington.edu,Male,201.173.212.9
542,Nonah,Kits,nkitsf1@miitbeian.gov.cn,Female,153.78.39.210
543,Hermann,Millimoe,hmillimoef2@sogou.com,Male,124.15.180.119
544,Rodi,Northcott,rnorthcottf3@booking.com,Female,58.23.252.53
545,James,Sheeran,jsheeranf4@wordpress.org,Male,170.66.211.95
546,Claudian,Crookall,ccrookallf5@goo.gl,Male,4.137.198.245
547,Erina,Rangall,erangallf6@bravesites.com,Female,186.43.79.49
548,Derrick,Slemmonds,dslemmondsf7@nih.gov,Male,216.31.219.190
549,Elden,Sheepy,esheepyf8@skyrock.com,Male,22.92.97.235
550,Adriana,Ferebee,aferebeef9@youtu.be,Female,135.97.235.144
551,Roshelle,Wyldes,rwyldesfa@redcross.org,Female,128.225.143.210
552,Fairfax,Jefferd,fjefferdfb@exblog.jp,Male,186.40.29.25
553,Zorana,Duffer,zdufferfc@rambler.ru,Female,100.22.139.155
554,Orlan,McCue,omccuefd@cnet.com,Male,248.131.214.195
555,Sacha,Aizlewood,saizlewoodfe@nbcnews.com,Female,175.146.222.27
556,Kally,Overstreet,koverstreetff@xing.com,Female,223.125.196.43
557,Elinore,Miles,emilesfg@fotki.com,Female,38.116.16.149
558,Lila,Denty,ldentyfh@t-online.de,Female,218.151.238.98
559,Gregoor,Cromleholme,gcromleholmefi@lycos.com,Male,237.236.192.122
560,Farley,Bercevelo,fbercevelofj@psu.edu,Male,65.106.203.64
561,Waneta,Winny,wwinnyfk@ocn.ne.jp,Female,58.164.45.31
562,Caryn,Worton,cwortonfl@smugmug.com,Female,130.246.99.170
563,Falkner,Roubeix,froubeixfm@answers.com,Male,78.150.202.177
564,Augustine,Davidek,adavidekfn@list-manage.com,Male,169.99.218.109
565,Raffaello,Jakubiak,rjakubiakfo@usatoday.com,Male,122.182.18.146
566,Alleen,Coniff,aconifffp@thetimes.co.uk,Female,233.165.43.115
567,Beniamino,Crigin,bcriginfq@statcounter.com,Male,219.98.32.130
568,Zack,Dodge,zdodgefr@vinaora.com,Male,168.206.48.209
569,Gardiner,Lantaff,glantafffs@redcross.org,Male,239.65.8.144
570,Leila,deKnevet,ldeknevetft@ox.ac.uk,Female,16.144.127.125
571,Jennilee,Colebourn,jcolebournfu@slideshare.net,Female,161.247.164.106
572,Bibbie,Ullock,bullockfv@google.es,Female,5.191.251.205
573,Angil,Klulik,aklulikfw@hexun.com,Female,79.132.122.80
574,Kirbee,Doumenc,kdoumencfx@epa.gov,Female,11.54.65.240
575,Genevieve,McLardie,gmclardiefy@is.gd,Female,148.41.55.107
576,Nola,Powland,npowlandfz@livejournal.com,Female,203.170.128.234
577,Noemi,Jozwik,njozwikg0@symantec.com,Female,58.69.254.80
578,Adrianne,Springtorpe,aspringtorpeg1@altervista.org,Female,235.78.119.176
579,Alia,Hebblewhite,ahebblewhiteg2@zimbio.com,Female,230.51.195.115
580,Bernie,Brewin,bbrewing3@smh.com.au,Female,186.43.114.10
581,Joyce,Bresland,jbreslandg4@usnews.com,Female,100.179.95.152
582,Petunia,Sporner,pspornerg5@360.cn,Female,184.124.147.179
583,Barbee,Flewett,bflewettg6@globo.com,Female,96.76.65.150
584,Lonnie,Scones,lsconesg7@alibaba.com,Male,52.14.145.208
585,Alexander,Lattimer,alattimerg8@nih.gov,Male,93.131.234.175
586,Walther,Gain,wgaing9@people.com.cn,Male,150.77.86.210
587,Paquito,Dionisio,pdionisioga@over-blog.com,Male,50.41.60.136
588,Manny,Ragat,mragatgb@hao123.com,Male,255.13.175.146
589,Imogen,Darree,idarreegc@bizjournals.com,Female,208.203.89.72
590,Susan,Lamming,slamminggd@qq.com,Female,117.143.166.134
591,Flori,Raft,fraftge@cisco.com,Female,48.2.244.153
592,Yul,Meeks,ymeeksgf@zdnet.com,Male,66.19.73.215
593,Filia,Blanchflower,fblanchflowergg@comcast.net,Female,236.12.7.226
594,Zedekiah,Sillick,zsillickgh@ibm.com,Male,238.9.199.123
595,Rustie,Bresnen,rbresnengi@un.org,Male,71.171.102.66
596,Mattheus,Gilleson,mgillesongj@tamu.edu,Male,28.93.66.15
597,Desdemona,Lalley,dlalleygk@a8.net,Female,111.174.5.166
598,Terrel,Hanselmann,thanselmanngl@sciencedaily.com,Male,224.24.149.91
599,Freddi,Ponte,fpontegm@webs.com,Female,247.232.7.32
600,Britteny,Dunning,bdunninggn@webeden.co.uk,Female,34.99.236.163
601,Melania,Hartzogs,mhartzogsgo@php.net,Female,80.160.90.227
602,Wilbur,Bryde,wbrydegp@list-manage.com,Male,213.202.229.227
603,Schuyler,Swaffield,sswaffieldgq@webeden.co.uk,Male,94.29.58.115
604,Victoir,Leschelle,vleschellegr@squarespace.com,Male,83.111.176.153
605,Ambrosio,O'Collopy,aocollopygs@tinypic.com,Male,184.99.136.141
606,Tedra,Grigoroni,tgrigoronigt@ycombinator.com,Female,126.34.8.232
607,Maximilien,Paterno,mpaternogu@etsy.com,Male,1.175.176.202
608,Ted,Petrov,tpetrovgv@spotify.com,Female,172.129.171.249
609,Robby,Perford,rperfordgw@dropbox.com,Female,158.240.67.33
610,Norton,Ellaman,nellamangx@surveymonkey.com,Male,95.213.51.76
611,Rancell,Petrusch,rpetruschgy@tripod.com,Male,207.93.53.137
612,Ashton,Middup,amiddupgz@yelp.com,Male,15.240.91.196
613,Winnie,Churchouse,wchurchouseh0@php.net,Male,15.112.134.35
614,Andrew,Dundendale,adundendaleh1@marriott.com,Male,222.66.41.65
615,Bettina,Arnet,barneth2@engadget.com,Female,97.154.175.183
616,Jeremias,Munehay,jmunehayh3@deviantart.com,Male,185.75.130.248
617,Rheta,Holah,rholahh4@washingtonpost.com,Female,56.224.126.25
618,Charlie,Jephcote,cjephcoteh5@si.edu,Male,128.35.217.198
619,York,Reitenbach,yreitenbachh6@bing.com,Male,64.148.250.173
620,Kim,Geldert,kgelderth7@globo.com,Female,161.208.139.101
621,Paco,Byars,pbyarsh8@zimbio.com,Male,101.225.200.246
622,Goran,Allder,gallderh9@un.org,Male,254.109.183.227
623,Gaspar,Tichelaar,gtichelaarha@google.com,Male,90.168.42.232
624,Sidney,Clementel,sclementelhb@oracle.com,Male,241.14.190.84
625,Amber,Beran,aberanhc@ucoz.com,Female,230.107.63.168
626,Lowrance,Francescoccio,lfrancescocciohd@cmu.edu,Male,64.70.171.43
627,Chelsie,Cosin,ccosinhe@multiply.com,Female,35.236.92.142
628,Boone,Grimes,bgrimeshf@ucoz.ru,Male,138.122.39.196
629,Shandy,Marc,smarchg@hibu.com,Female,146.72.29.134
630,Kelby,Schapero,kschaperohh@pinterest.com,Male,206.104.69.204
631,Corie,Tummons,ctummonshi@wix.com,Female,68.179.217.44
632,Heindrick,Buterton,hbutertonhj@diigo.com,Male,41.69.148.85
633,Hillard,Whereat,hwhereathk@mozilla.com,Male,79.156.29.113
634,Mabel,Moxley,mmoxleyhl@unblog.fr,Female,63.169.102.103
635,Wolfgang,Pallent,wpallenthm@usgs.gov,Male,166.219.1.54
636,Jaime,Mullin,jmullinhn@google.es,Female,63.194.252.204
637,Valida,Joder,vjoderho@etsy.com,Female,196.39.42.154
638,Tulley,Wood,twoodhp@nymag.com,Male,130.160.214.115
639,Haskell,Fenney,hfenneyhq@scribd.com,Male,55.135.45.5
640,Andrei,Sainsbury-Brown,asainsburybrownhr@arstechnica.com,Female,81.245.209.85
641,Noe,St. Leger,nstlegerhs@wufoo.com,Male,147.98.255.100
642,Ly,Dissman,ldissmanht@wp.com,Male,73.62.182.86
643,Ruy,Stuther,rstutherhu@pinterest.com,Male,240.11.106.146
644,Thebault,Swidenbank,tswidenbankhv@java.com,Male,44.222.89.23
645,Dehlia,Emmison,demmisonhw@netlog.com,Female,8.122.89.81
646,Gray,Robins,grobinshx@spotify.com,Male,49.194.103.14
647,Peterus,Vautier,pvautierhy@stumbleupon.com,Male,252.24.51.111
648,Lissa,Dewan,ldewanhz@bluehost.com,Female,131.34.160.116
649,Sibeal,Pedri,spedrii0@indiegogo.com,Female,30.129.48.22
650,Charlotte,Egginton,ceggintoni1@vimeo.com,Female,28.217.222.241
651,Prent,Lutzmann,plutzmanni2@stumbleupon.com,Male,208.138.84.190
652,Clyde,Venart,cvenarti3@google.fr,Male,46.222.197.45
653,Nickie,Escoffier,nescoffieri4@scribd.com,Male,117.206.25.175
654,Abey,Dillingham,adillinghami5@istockphoto.com,Male,61.2.241.147
655,Merilee,Haimes,mhaimesi6@dailymail.co.uk,Female,154.186.191.142
656,Sybyl,Rape,srapei7@soundcloud.com,Female,138.150.244.218
657,Nappie,Baughn,nbaughni8@amazon.co.uk,Male,136.90.0.39
658,Donny,Seden,dsedeni9@china.com.cn,Female,55.56.29.49
659,Derick,Bellerby,dbellerbyia@flavors.me,Male,168.72.98.70
660,Ally,Bielby,abielbyib@si.edu,Female,145.25.244.151
661,Carmita,Jouanny,cjouannyic@bizjournals.com,Female,46.61.194.214
662,Elroy,Ternott,eternottid@t-online.de,Male,236.202.107.0
663,Hirsch,Adamowitz,hadamowitzie@bloomberg.com,Male,156.31.2.245
664,Ester,Blackway,eblackwayif@bloomberg.com,Female,232.138.169.82
665,Packston,Folland,pfollandig@4shared.com,Male,77.179.128.89
666,Angelia,Trusty,atrustyih@51.la,Female,114.160.78.254
667,Lenore,Longhorne,llonghorneii@infoseek.co.jp,Female,34.8.58.8
668,Andrey,Curthoys,acurthoysij@umich.edu,Male,251.166.247.139
669,Eduard,Sanpher,esanpherik@cloudflare.com,Male,211.215.121.123
670,Gino,Cahani,gcahaniil@tiny.cc,Male,13.217.220.73
671,Lyle,Fenck,lfenckim@sfgate.com,Male,188.140.242.163
672,Thatch,Keaveney,tkeaveneyin@nytimes.com,Male,179.225.111.202
673,Stillmann,Hazlewood,shazlewoodio@businessinsider.com,Male,202.131.107.91
674,Rubi,Haggerston,rhaggerstonip@washington.edu,Female,36.71.109.81
675,Bernie,Salomon,bsalomoniq@kickstarter.com,Male,130.16.204.246
676,Clary,Josskoviz,cjosskovizir@opera.com,Female,62.82.235.158
677,Toby,Suggate,tsuggateis@about.com,Male,125.122.13.139
678,Hamilton,Shillinglaw,hshillinglawit@alibaba.com,Male,81.232.42.170
679,Lira,Kendred,lkendrediu@mediafire.com,Female,229.188.119.129
680,Ellette,Orhrt,eorhrtiv@sakura.ne.jp,Female,86.199.122.197
681,Stephen,Treppas,streppasiw@ibm.com,Male,46.140.157.77
682,Melicent,Janew,mjanewix@un.org,Female,242.96.62.126
683,Ester,Gudd,eguddiy@cpanel.net,Female,179.90.52.71
684,Leia,Fridd,lfriddiz@tmall.com,Female,255.74.172.47
685,Nester,Khosa,nkhosaj0@simplemachines.org,Male,43.91.239.110
686,Berkly,Dizlie,bdizliej1@narod.ru,Male,91.159.141.119
687,Dannie,Shekle,dsheklej2@mtv.com,Male,243.117.175.95
688,Ashley,Clemenzo,aclemenzoj3@umich.edu,Male,111.81.60.77
689,Gretta,Gerger,ggergerj4@ftc.gov,Female,201.135.8.93
690,Alicea,Fortun,afortunj5@hibu.com,Female,102.178.14.116
691,Alisa,Anney,aanneyj6@google.fr,Female,149.17.107.112
692,Wilek,Lantiff,wlantiffj7@hubpages.com,Male,209.174.10.36
693,Abdul,Keely,akeelyj8@symantec.com,Male,254.43.133.19
694,Any,Brickett,abrickettj9@paypal.com,Male,67.118.8.211
695,Farah,Dursley,fdursleyja@gravatar.com,Female,103.80.181.231
696,Cyndy,Arundell,carundelljb@yale.edu,Female,8.241.237.7
697,Ravi,Bozworth,rbozworthjc@ezinearticles.com,Male,144.5.15.255
698,Daron,Tenman,dtenmanjd@elegantthemes.com,Male,161.125.88.169
699,Jolyn,Uttermare,juttermareje@soundcloud.com,Female,188.148.17.148
700,Mile,Robion,mrobionjf@nydailynews.com,Male,9.97.92.197
701,Osmund,Allsebrook,oallsebrookjg@hao123.com,Male,107.125.76.43
702,Renard,Boundy,rboundyjh@vkontakte.ru,Male,223.61.171.106
703,Karon,Tidmas,ktidmasji@squidoo.com,Female,193.207.192.54
704,Carry,Garbutt,cgarbuttjj@mapy.cz,Female,33.248.179.139
705,Ferdinand,Pavluk,fpavlukjk@usa.gov,Male,242.23.41.165
706,Johnathan,Dusting,jdustingjl@earthlink.net,Male,127.43.31.244
707,Cullie,Brundle,cbrundlejm@1688.com,Male,150.24.12.87
708,Sheffie,McPike,smcpikejn@1688.com,Male,199.225.111.163
709,Idalia,Lille,ilillejo@adobe.com,Female,48.98.100.53
710,Kippy,McElane,kmcelanejp@chronoengine.com,Female,15.232.61.140
711,Hermann,Cummine,hcumminejq@cdbaby.com,Male,237.251.212.240
712,Georgeanne,Ackland,gacklandjr@dailymotion.com,Female,76.32.23.193
713,Jacintha,Upston,jupstonjs@sfgate.com,Female,63.45.91.122
714,Chrissie,Pelz,cpelzjt@nhs.uk,Female,50.255.133.162
715,Edgar,Lassetter,elassetterju@admin.ch,Male,122.181.231.51
716,Regan,De Ambrosis,rdeambrosisjv@webs.com,Male,237.174.93.69
717,Alasdair,Braden,abradenjw@sourceforge.net,Male,126.232.57.106
718,Kipp,Gumm,kgummjx@istockphoto.com,Female,136.153.156.81
719,Salvador,Alans,salansjy@geocities.com,Male,252.112.240.219
720,Mufi,Longstreet,mlongstreetjz@mlb.com,Female,116.56.128.216
721,Cissiee,McLucky,cmcluckyk0@hud.gov,Female,23.187.41.124
722,Willie,Reiners,wreinersk1@cdbaby.com,Female,141.11.89.119
723,Valle,Killiner,vkillinerk2@auda.org.au,Male,105.54.60.16
724,Cammi,Baiden,cbaidenk3@tamu.edu,Female,235.241.14.35
725,Amery,Hubball,ahubballk4@webeden.co.uk,Male,243.53.228.107
726,Colette,Grainge,cgraingek5@cafepress.com,Female,240.133.208.184
727,Heall,O'Hoey,hohoeyk6@1688.com,Male,223.105.48.16
728,Homerus,Abreheart,habreheartk7@furl.net,Male,60.55.24.101
729,Orran,McNerlin,omcnerlink8@arizona.edu,Male,130.12.147.189
730,Lorrie,O' Hogan,lohogank9@gov.uk,Female,44.77.20.15
731,Tiffanie,Muck,tmuckka@nasa.gov,Female,62.242.83.192
732,Chrystel,Tempest,ctempestkb@latimes.com,Female,75.144.180.178
733,Quintin,Palmer,qpalmerkc@spotify.com,Male,65.235.182.9
734,Jefferson,Fendley,jfendleykd@dailymail.co.uk,Male,106.179.2.103
735,Aundrea,Krates,akrateske@china.com.cn,Female,214.37.167.25
736,Katherine,Castagnaro,kcastagnarokf@oaic.gov.au,Female,138.123.148.23
737,Liz,Markwelley,lmarkwelleykg@statcounter.com,Female,27.64.198.24
738,Cate,Emor,cemorkh@phpbb.com,Female,42.158.170.251
739,Edythe,Dickons,edickonski@cpanel.net,Female,51.149.141.191
740,Erin,Allcorn,eallcornkj@salon.com,Female,239.39.212.180
741,Krystle,Caughtry,kcaughtrykk@addthis.com,Female,20.230.9.228
742,Siward,Espinha,sespinhakl@newyorker.com,Male,110.190.171.204
743,Kora,Jursch,kjurschkm@issuu.com,Female,144.200.227.225
744,Haily,Di Baudi,hdibaudikn@nbcnews.com,Female,109.32.220.226
745,Fabiano,Tatem,ftatemko@themeforest.net,Male,91.225.1.21
746,Franny,Lillyman,flillymankp@tuttocitta.it,Female,206.177.161.52
747,Ferguson,Dempster,fdempsterkq@trellian.com,Male,221.97.75.127
748,Othilia,Sackey,osackeykr@miitbeian.gov.cn,Female,24.135.144.55
749,Jeanette,Yashaev,jyashaevks@goo.ne.jp,Female,170.113.77.247
750,Clemens,Cutajar,ccutajarkt@multiply.com,Male,243.61.230.97
751,Haze,McNamara,hmcnamaraku@webeden.co.uk,Male,96.167.176.34
752,Daile,Jizhaki,djizhakikv@privacy.gov.au,Female,88.41.148.163
753,Randall,Campanelli,rcampanellikw@springer.com,Male,94.204.194.7
754,Jason,Snowsill,jsnowsillkx@marriott.com,Male,78.162.216.50
755,Ches,Baitman,cbaitmanky@marketwatch.com,Male,200.204.154.251
756,Gretel,Barling,gbarlingkz@ed.gov,Female,170.87.144.111
757,Lawrence,Sabatier,lsabatierl0@rakuten.co.jp,Male,126.136.36.162
758,Vidovik,Rookledge,vrookledgel1@jiathis.com,Male,150.93.244.50
759,Emmi,Heephy,eheephyl2@usatoday.com,Female,131.222.132.58
760,Nathan,Macey,nmaceyl3@mozilla.com,Male,211.190.206.104
761,Tiffi,Cogley,tcogleyl4@ustream.tv,Female,71.66.61.159
762,Fredric,Outibridge,foutibridgel5@fema.gov,Male,120.201.65.203
763,Claudius,Ivanyushkin,civanyushkinl6@gravatar.com,Male,65.82.113.160
764,Etti,Bottinelli,ebottinellil7@blinklist.com,Female,66.233.64.87
765,Farrand,Cowling,fcowlingl8@zimbio.com,Female,39.67.104.143
766,Demetris,Hein,dheinl9@weibo.com,Female,146.99.211.241
767,Jocelin,Goulston,jgoulstonla@squidoo.com,Female,84.246.114.191
768,Onida,Melbourn,omelbournlb@toplist.cz,Female,43.35.118.252
769,Efrem,Jowett,ejowettlc@paginegialle.it,Male,133.131.83.29
770,Bibbie,Giraudat,bgiraudatld@mashable.com,Female,99.4.237.53
771,Neville,Benediktovich,nbenediktovichle@wufoo.com,Male,18.185.161.220
772,Hillel,Krzyzaniak,hkrzyzaniaklf@vistaprint.com,Male,179.114.71.50
773,Nickola,Wellstead,nwellsteadlg@yahoo.com,Male,6.199.213.70
774,Clevie,Tallant,ctallantlh@google.ca,Male,98.48.89.174
775,Lauritz,Jasiak,ljasiakli@psu.edu,Male,199.225.71.61
776,Jan,Tapton,jtaptonlj@samsung.com,Male,138.226.65.34
777,Elga,Willbond,ewillbondlk@hibu.com,Female,38.235.205.53
778,Parker,Moynihan,pmoynihanll@salon.com,Male,134.42.203.133
779,Tris,Dyet,tdyetlm@over-blog.com,Male,214.14.188.169
780,Mag,Pentycost,mpentycostln@dell.com,Female,85.157.69.230
781,Shalom,Abrahart,sabrahartlo@aboutads.info,Male,89.196.128.224
782,Claudianus,Drinan,cdrinanlp@yahoo.co.jp,Male,75.110.25.216
783,Manda,Broodes,mbroodeslq@cafepress.com,Female,115.18.48.60
784,Herta,Bowcock,hbowcocklr@mac.com,Female,190.156.60.137
785,Maddy,Howood,mhowoodls@pcworld.com,Female,66.82.33.73
786,Von,Hearon,vhearonlt@ucsd.edu,Male,133.101.69.150
787,Luciano,Kleimt,lkleimtlu@illinois.edu,Male,15.191.172.117
788,Leah,O' Reagan,loreaganlv@1688.com,Female,128.124.186.166
789,Mirilla,Behrend,mbehrendlw@t-online.de,Female,255.58.229.111
790,Shanda,Stealy,sstealylx@addtoany.com,Female,156.97.236.219
791,Emilio,Siehard,esiehardly@yandex.ru,Male,62.220.153.116
792,Josepha,Bacon,jbaconlz@digg.com,Female,209.245.215.121
793,Devlen,Capaldo,dcapaldom0@skype.com,Male,44.157.16.112
794,Pearle,Lampitt,plampittm1@topsy.com,Female,180.59.199.23
795,Tatiana,Lionel,tlionelm2@histats.com,Female,41.192.1.197
796,Jannelle,Corradino,jcorradinom3@usnews.com,Female,144.161.129.244
797,Jayme,Godthaab,jgodthaabm4@usgs.gov,Male,217.18.76.239
798,Hurleigh,Hucquart,hhucquartm5@si.edu,Male,10.39.94.149
799,Dollie,Merredy,dmerredym6@opensource.org,Female,222.122.23.218
800,Burtie,Dax,bdaxm7@163.com,Male,35.44.64.142
801,Allissa,Phlipon,aphliponm8@reddit.com,Female,196.64.124.196
802,Bentlee,Wallis,bwallism9@usnews.com,Male,171.229.84.243
803,Danika,Hedney,dhedneyma@hud.gov,Female,116.250.145.90
804,Phoebe,Adhams,padhamsmb@bloomberg.com,Female,13.249.151.99
805,Anthony,Lippitt,alippittmc@twitter.com,Male,54.214.160.92
806,Minta,Tregien,mtregienmd@adobe.com,Female,52.8.229.248
807,Stefania,Varnham,svarnhamme@g.co,Female,171.165.215.163
808,Alonso,Saggs,asaggsmf@squarespace.com,Male,28.217.121.15
809,Albrecht,Gepson,agepsonmg@rediff.com,Male,145.15.170.143
810,Purcell,Rowett,prowettmh@nymag.com,Male,202.249.244.236
811,Quentin,Smeaton,qsmeatonmi@newsvine.com,Male,198.115.72.188
812,Maggie,Dunstan,mdunstanmj@wordpress.org,Female,45.123.151.82
813,Aldwin,Whittam,awhittammk@netvibes.com,Male,164.241.173.128
814,Elmo,Potts,epottsml@economist.com,Male,217.9.216.136
815,Flossi,Acton,factonmm@dmoz.org,Female,130.52.97.251
816,Raphaela,MacGorrie,rmacgorriemn@cafepress.com,Female,164.229.165.202
817,Tadd,Kelberer,tkelberermo@last.fm,Male,53.149.199.178
818,Elspeth,Birkin,ebirkinmp@sciencedirect.com,Female,157.152.164.62
819,Tammi,Lettsom,tlettsommq@java.com,Female,34.59.239.23
820,Carmelia,Loos,cloosmr@cafepress.com,Female,201.54.177.149
821,Jerald,Westrope,jwestropems@lulu.com,Male,108.219.239.157
822,Chelsea,Harrema,charremamt@webnode.com,Female,104.132.59.223
823,Brit,Hamprecht,bhamprechtmu@ycombinator.com,Male,250.94.114.232
824,Clemente,Gorioli,cgoriolimv@google.com.br,Male,210.112.163.222
825,Cornelius,Whitloe,cwhitloemw@arizona.edu,Male,92.240.84.166
826,Kirby,Cotta,kcottamx@liveinternet.ru,Female,21.86.234.176
827,Say,Foston,sfostonmy@dailymail.co.uk,Male,224.196.177.96
828,Olivier,Milnthorpe,omilnthorpemz@wp.com,Male,211.192.182.121
829,Alf,Brech,abrechn0@google.fr,Male,234.2.34.120
830,Barbee,Thurske,bthursken1@miitbeian.gov.cn,Female,254.125.215.62
831,Melisandra,Mazonowicz,mmazonowiczn2@shinystat.com,Female,220.41.34.249
832,Lyndell,Campion,lcampionn3@addtoany.com,Female,111.104.168.251
833,Donnell,Snooks,dsnooksn4@reddit.com,Male,64.158.168.50
834,Colas,Dolphin,cdolphinn5@paypal.com,Male,122.181.59.2
835,Desdemona,Ehrat,dehratn6@home.pl,Female,53.194.45.93
836,Valry,Hodge,vhodgen7@usgs.gov,Female,174.221.71.230
837,Denna,Kembrey,dkembreyn8@sourceforge.net,Female,27.128.0.26
838,Harrie,Heppenspall,hheppenspalln9@nydailynews.com,Female,65.154.65.206
839,Adelheid,Visick,avisickna@oracle.com,Female,22.46.117.195
840,Aundrea,Cowoppe,acowoppenb@harvard.edu,Female,202.98.114.227
841,Farica,Djekic,fdjekicnc@barnesandnoble.com,Female,203.124.98.129
842,Robinet,Leynagh,rleynaghnd@netlog.com,Male,81.200.160.11
843,Fancy,Swetland,fswetlandne@epa.gov,Female,195.130.43.86
844,Shelby,Quilter,squilternf@reuters.com,Male,78.142.49.70
845,Maurizio,Emmanuel,memmanuelng@barnesandnoble.com,Male,111.36.189.249
846,Lena,Wilkins,lwilkinsnh@comsenz.com,Female,53.2.244.155
847,Kittie,MacScherie,kmacscherieni@wired.com,Female,205.239.141.198
848,Loren,Misk,lmisknj@example.com,Female,123.239.238.91
849,Kahlil,Rodenburg,krodenburgnk@sina.com.cn,Male,53.53.134.131
850,Layne,Smogur,lsmogurnl@blogtalkradio.com,Female,8.26.94.144
851,Lauraine,Bounds,lboundsnm@mac.com,Female,59.135.107.81
852,Daveen,Radnedge,dradnedgenn@eventbrite.com,Female,249.163.107.210
853,Jillayne,Heliar,jheliarno@reverbnation.com,Female,69.30.127.172
854,Yolanthe,Coverdale,ycoverdalenp@spiegel.de,Female,41.66.205.43
855,Patrizia,Antoniou,pantoniounq@mozilla.com,Female,67.112.156.79
856,Rosette,Fosserd,rfosserdnr@ftc.gov,Female,187.115.71.16
857,Ron,Challes,rchallesns@icio.us,Male,25.40.160.194
858,Gard,Abrahamowitcz,gabrahamowitcznt@sohu.com,Male,51.118.23.217
859,Kareem,Churchward,kchurchwardnu@hhs.gov,Male,19.187.227.16
860,Hughie,Pragnell,hpragnellnv@eepurl.com,Male,37.87.28.194
861,Rachelle,Isham,rishamnw@jimdo.com,Female,112.92.202.236
862,Sigmund,Smithson,ssmithsonnx@forbes.com,Male,131.195.123.32
863,Tobe,Comini,tcomininy@wikimedia.org,Female,156.25.216.252
864,Piper,Laverenz,plaverenznz@paginegialle.it,Female,26.211.86.25
865,Patrizio,Barts,pbartso0@is.gd,Male,189.161.90.33
866,Rab,Wildor,rwildoro1@edublogs.org,Male,111.2.80.136
867,Ringo,Jardein,rjardeino2@pinterest.com,Male,225.211.162.113
868,Guinevere,Carneck,gcarnecko3@about.me,Female,84.71.126.151
869,Berne,Cubbin,bcubbino4@hc360.com,Male,19.234.174.90
870,Roda,Cassie,rcassieo5@multiply.com,Female,96.253.112.81
871,Rochella,Adamowicz,radamowiczo6@hud.gov,Female,149.250.178.94
872,Charlene,Weeke,cweekeo7@dailymail.co.uk,Female,66.212.10.44
873,Olivier,Lumsdale,olumsdaleo8@answers.com,Male,150.155.222.21
874,Salomo,Wycliff,swycliffo9@vinaora.com,Male,99.33.65.232
875,Remus,Hovert,rhovertoa@google.com.au,Male,125.93.89.111
876,Frasier,Waren,fwarenob@t.co,Male,110.239.145.1
877,Toby,Fairman,tfairmanoc@parallels.com,Male,50.173.159.229
878,Keefe,Sainthill,ksainthillod@sbwire.com,Male,188.104.168.79
879,Alejandrina,Dongall,adongalloe@who.int,Female,141.184.193.244
880,Katie,Trousdale,ktrousdaleof@bbb.org,Female,118.226.71.113
881,Rosalinda,Dufoure,rdufoureog@arizona.edu,Female,57.19.31.59
882,Chancey,Rediers,crediersoh@cdbaby.com,Male,179.233.186.113
883,Janene,Tarver,jtarveroi@ed.gov,Female,19.184.119.54
884,Celestine,Ashwell,cashwelloj@mozilla.org,Female,189.167.132.31
885,Stormy,Arangy,sarangyok@sbwire.com,Female,169.161.105.90
886,Clarita,Whittingham,cwhittinghamol@sourceforge.net,Female,21.57.23.196
887,Bryce,Vuitton,bvuittonom@sitemeter.com,Male,106.15.53.228
888,Nial,Kowalik,nkowalikon@reuters.com,Male,0.37.203.115
889,Dov,Blay,dblayoo@surveymonkey.com,Male,54.50.230.122
890,Meade,Whithalgh,mwhithalghop@godaddy.com,Female,239.75.109.91
891,Keene,Borzone,kborzoneoq@ocn.ne.jp,Male,228.181.94.77
892,Victoria,Massimo,vmassimoor@yolasite.com,Female,205.57.136.176
893,Vittoria,Belfield,vbelfieldos@addthis.com,Female,63.152.124.129
894,Tomas,Ainscough,tainscoughot@netlog.com,Male,227.152.153.150
895,Olive,Sivess,osivessou@yellowbook.com,Female,76.104.36.173
896,Magdaia,Garthshore,mgarthshoreov@gnu.org,Female,67.122.179.155
897,Suki,Garrand,sgarrandow@sitemeter.com,Female,7.75.131.44
898,Celina,Mungane,cmunganeox@spiegel.de,Female,107.178.55.137
899,Viole,Jennison,vjennisonoy@spotify.com,Female,87.116.160.91
900,Donall,Walthall,dwalthalloz@pbs.org,Male,220.198.187.169
901,Harold,Simonson,hsimonsonp0@ibm.com,Male,19.190.177.230
902,Twila,Casaccio,tcasacciop1@yolasite.com,Female,209.116.130.92
903,Tabbitha,Cornelleau,tcornelleaup2@uiuc.edu,Female,222.112.71.239
904,Dorice,Collinge,dcollingep3@devhub.com,Female,125.110.140.73
905,Tuesday,New,tnewp4@reference.com,Female,139.202.57.54
906,Darcy,Matteucci,dmatteuccip5@guardian.co.uk,Male,23.114.228.184
907,Evaleen,Stittle,estittlep6@dedecms.com,Female,109.217.14.205
908,Haley,Gomersal,hgomersalp7@sogou.com,Female,157.202.133.138
909,Giulia,Pollack,gpollackp8@comsenz.com,Female,82.91.90.207
910,Creigh,Normington,cnormingtonp9@si.edu,Male,54.98.28.27
911,Dennison,O' Neligan,doneliganpa@spiegel.de,Male,205.155.148.123
912,Cory,Finlater,cfinlaterpb@issuu.com,Female,102.242.150.142
913,Ferrell,Basilio,fbasiliopc@guardian.co.uk,Male,7.27.140.240
914,Helenka,Twallin,htwallinpd@desdev.cn,Female,106.200.77.168
915,Mycah,Deighan,mdeighanpe@bing.com,Male,196.153.180.89
916,Devy,Wyne,dwynepf@seattletimes.com,Male,144.119.161.92
917,Steven,Benstead,sbensteadpg@soundcloud.com,Male,29.63.124.199
918,Lenci,Divisek,ldivisekph@gmpg.org,Male,209.2.69.56
919,Fifi,Bendley,fbendleypi@blogger.com,Female,193.77.216.108
920,Ethelred,Whawell,ewhawellpj@wikispaces.com,Male,179.83.44.80
921,Dennet,Cressingham,dcressinghampk@goo.ne.jp,Male,28.73.137.237
922,Valida,Palley,vpalleypl@ebay.com,Female,67.70.176.96
923,Stanleigh,Cropton,scroptonpm@bbb.org,Male,186.104.11.198
924,Niki,Kemer,nkemerpn@jiathis.com,Male,102.98.197.110
925,Jud,Simononsky,jsimononskypo@jalbum.net,Male,71.237.70.152
926,Tate,Yerborn,tyerbornpp@pinterest.com,Female,143.5.235.242
927,Charin,McReynolds,cmcreynoldspq@rediff.com,Female,0.13.10.134
928,Kerrie,Hayller,khayllerpr@biblegateway.com,Female,240.26.246.138
929,Lyell,Gosby,lgosbyps@prlog.org,Male,112.82.96.157
930,Standford,Robbel,srobbelpt@amazon.co.uk,Male,241.225.252.178
931,Shaun,Blois,sbloispu@infoseek.co.jp,Male,105.76.193.50
932,Sebastian,Lace,slacepv@wiley.com,Male,52.51.218.238
933,Gloriane,Garforth,ggarforthpw@elegantthemes.com,Female,96.203.9.98
934,Adore,Torrie,atorriepx@thetimes.co.uk,Female,96.196.124.63
935,Magdalena,Bandy,mbandypy@sina.com.cn,Female,207.56.114.145
936,Lorant,O'Henery,lohenerypz@altervista.org,Male,57.139.75.196
937,Angelika,Malim,amalimq0@bloglovin.com,Female,68.146.239.147
938,Celine,Clutterbuck,cclutterbuckq1@dropbox.com,Female,137.224.146.24
939,Royall,Manuely,rmanuelyq2@godaddy.com,Male,24.107.238.148
940,Joey,Figiovanni,jfigiovanniq3@icio.us,Male,19.166.220.19
941,Philippe,Belchamp,pbelchampq4@chronoengine.com,Female,201.215.114.184
942,Rodge,Kimbrey,rkimbreyq5@flavors.me,Male,210.60.73.45
943,Hyman,Spinke,hspinkeq6@wikia.com,Male,155.210.186.163
944,Bartholomeus,Luthwood,bluthwoodq7@nyu.edu,Male,95.199.129.23
945,Lars,Rosenwald,lrosenwaldq8@vkontakte.ru,Male,122.121.54.185
946,Gabe,Fay,gfayq9@google.cn,Male,17.231.233.107
947,Johnathon,Tippetts,jtippettsqa@google.es,Male,95.84.125.168
948,Caralie,Domanski,cdomanskiqb@ezinearticles.com,Female,232.47.235.87
949,Angelle,Mandy,amandyqc@multiply.com,Female,96.144.242.169
950,Gaby,Blockwell,gblockwellqd@mapquest.com,Male,15.112.22.216
951,Cleve,Pidon,cpidonqe@cafepress.com,Male,243.22.176.187
952,Pris,Stannering,pstanneringqf@de.vu,Female,97.86.208.130
953,Tanitansy,Tuxill,ttuxillqg@freewebs.com,Female,22.34.243.230
954,Paulita,Phillip,pphillipqh@symantec.com,Female,239.231.58.176
955,Alec,Chucks,achucksqi@ehow.com,Male,68.6.161.0
956,Hadley,Billborough,hbillboroughqj@guardian.co.uk,Male,147.72.206.128
957,Cullin,Smylie,csmylieqk@sakura.ne.jp,Male,55.160.128.235
958,Ole,Baron,obaronql@samsung.com,Male,228.70.217.107
959,Nevil,Baptie,nbaptieqm@com.com,Male,253.171.52.127
960,Donn,Nabarro,dnabarroqn@cam.ac.uk,Male,53.157.242.240
961,Enid,Navarijo,enavarijoqo@topsy.com,Female,192.210.209.237
962,Melita,Queree,mquereeqp@shareasale.com,Female,215.189.32.39
963,Lucienne,Burston,lburstonqq@a8.net,Female,113.50.225.92
964,Tamara,Doblin,tdoblinqr@washington.edu,Female,215.119.115.34
965,Agretha,Vink,avinkqs@artisteer.com,Female,188.222.252.226
966,Arman,Kingscott,akingscottqt@webmd.com,Male,113.205.81.211
967,Justina,McCreery,jmccreeryqu@shop-pro.jp,Female,146.228.128.197
968,Esteban,Rogan,eroganqv@columbia.edu,Male,181.91.192.105
969,Jordan,Ashfold,jashfoldqw@wikispaces.com,Male,30.183.130.8
970,Cordula,Havelin,chavelinqx@elegantthemes.com,Female,127.30.27.49
971,Aldous,Ramble,arambleqy@shutterfly.com,Male,97.183.121.191
972,Clary,Tremouille,ctremouilleqz@netlog.com,Female,124.33.162.80
973,Dara,Boggs,dboggsr0@ezinearticles.com,Female,86.211.227.76
974,Timofei,Melby,tmelbyr1@google.com.au,Male,8.139.30.110
975,Rhody,L' Anglois,rlangloisr2@twitter.com,Female,230.248.206.156
976,Klemens,Neeve,kneever3@ovh.net,Male,158.213.24.205
977,Roddy,Simpkins,rsimpkinsr4@blogger.com,Male,67.110.45.2
978,Dana,McSwan,dmcswanr5@g.co,Female,202.217.133.146
979,Fran,Ellin,fellinr6@senate.gov,Female,175.199.127.0
980,Jacquenetta,Mapother,jmapotherr7@stumbleupon.com,Female,64.47.251.118
981,Erda,Cholwell,echolwellr8@facebook.com,Female,242.117.69.123
982,Carol,Tenniswood,ctenniswoodr9@google.pl,Female,141.129.22.28
983,Wilmette,Boodell,wboodellra@telegraph.co.uk,Female,95.169.138.26
984,Elysee,Brockest,ebrockestrb@shutterfly.com,Female,251.171.214.216
985,Tally,Moorhead,tmoorheadrc@google.com.hk,Female,191.180.209.207
986,Abbey,Heater,aheaterrd@amazon.com,Male,56.55.127.63
987,Roxanna,MacCawley,rmaccawleyre@upenn.edu,Female,103.215.137.238
988,Twila,De Cruze,tdecruzerf@constantcontact.com,Female,141.185.219.12
989,Greta,Tavner,gtavnerrg@wired.com,Female,165.107.184.41
990,Caryl,Osler,coslerrh@seattletimes.com,Male,239.37.249.145
991,Thaine,Buard,tbuardri@storify.com,Male,97.206.162.97
992,Kathryn,Kitcatt,kkitcattrj@cmu.edu,Female,69.107.140.16
993,Katy,Falla,kfallark@sogou.com,Female,28.137.136.18
994,Candace,Madoc-Jones,cmadocjonesrl@home.pl,Female,151.93.91.64
995,Haily,Josefs,hjosefsrm@surveymonkey.com,Female,103.73.114.84
996,Ivory,Stannislawski,istannislawskirn@linkedin.com,Female,147.10.135.229
997,Janeta,Bedin,jbedinro@pbs.org,Female,188.99.38.194
998,Flori,Izon,fizonrp@liveinternet.ru,Female,35.0.184.153
999,Josy,Winson,jwinsonrq@wordpress.com,Female,220.112.40.188
1000,Raleigh,Horsey,rhorseyrr@npr.org,Male,105.188.143.96